-- phpMyAdmin SQL Dump
-- version 5.2.1
-- https://www.phpmyadmin.net/
--
-- Host: 127.0.0.1
-- Generation Time: Apr 02, 2026 at 02:37 AM
-- Server version: 10.4.32-MariaDB
-- PHP Version: 8.2.12

SET SQL_MODE = "NO_AUTO_VALUE_ON_ZERO";
START TRANSACTION;
SET time_zone = "+00:00";


/*!40101 SET @OLD_CHARACTER_SET_CLIENT=@@CHARACTER_SET_CLIENT */;
/*!40101 SET @OLD_CHARACTER_SET_RESULTS=@@CHARACTER_SET_RESULTS */;
/*!40101 SET @OLD_COLLATION_CONNECTION=@@COLLATION_CONNECTION */;
/*!40101 SET NAMES utf8mb4 */;

--
-- Database: `student_system`
--

-- --------------------------------------------------------

--
-- Table structure for table `course_credit_details`
--

CREATE TABLE `course_credit_details` (
  `id` int(11) NOT NULL,
  `program_id` int(11) NOT NULL,
  `parent_rule_name` varchar(255) NOT NULL,
  `detail_name` varchar(255) NOT NULL,
  `credits_text` varchar(50) NOT NULL,
  `note` varchar(255) DEFAULT NULL,
  `sort_order` int(11) DEFAULT 1
) ENGINE=InnoDB DEFAULT CHARSET=utf8mb4 COLLATE=utf8mb4_general_ci;

--
-- Dumping data for table `course_credit_details`
--

INSERT INTO `course_credit_details` (`id`, `program_id`, `parent_rule_name`, `detail_name`, `credits_text`, `note`, `sort_order`) VALUES
(77, 1, 'หมวดวิชาศึกษาทั่วไป', 'สาระที่ 1 ศาสตร์พระราชาและประโยชน์เพื่อนมนุษย์', '4', NULL, 1),
(78, 1, 'หมวดวิชาศึกษาทั่วไป', 'สาระที่ 2 ความเป็นพลเมืองและชีวิตที่สันติ', '5', NULL, 2),
(79, 1, 'หมวดวิชาศึกษาทั่วไป', 'สาระที่ 3 การเป็นผู้ประกอบการ', '1', NULL, 3),
(80, 1, 'หมวดวิชาศึกษาทั่วไป', 'สาระที่ 4 การอยู่ร่วมกัน การรู้เท่าทัน และการรู้ดิจิทัล', '4', NULL, 4),
(81, 1, 'หมวดวิชาศึกษาทั่วไป', 'สาระที่ 5 การคิดเชิงระบบ การคิดเชิงตรรกะและตัวเลข', '4', NULL, 5),
(82, 1, 'หมวดวิชาศึกษาทั่วไป', 'สาระที่ 6 ภาษาและการสื่อสาร', '4', NULL, 6),
(83, 1, 'หมวดวิชาศึกษาทั่วไป', 'สาระที่ 7 สุนทรียศาสตร์และกีฬา', '2', NULL, 7),
(84, 1, 'หมวดวิชาศึกษาทั่วไป', 'วิชาเลือก', '6', NULL, 8),
(85, 1, 'หมวดวิชาเฉพาะ', '1) กลุ่มวิชาวิทยาศาสตร์พื้นฐาน', '24', NULL, 1),
(86, 1, 'หมวดวิชาเฉพาะ', '2) กลุ่มวิชาคณิตศาสตร์พื้นฐาน - หลักสูตรปกติ', '33', NULL, 2),
(87, 1, 'หมวดวิชาเฉพาะ', '2) กลุ่มวิชาคณิตศาสตร์พื้นฐาน - หลักสูตรสหกิจศึกษา', '36', NULL, 3),
(88, 1, 'หมวดวิชาเฉพาะ', '3) กลุ่มวิชาเฉพาะด้าน', '24', NULL, 4),
(89, 1, 'หมวดวิชาเฉพาะ', '4) กลุ่มวิชาเลือก - หลักสูตรปกติ', '13', NULL, 5),
(90, 1, 'หมวดวิชาเฉพาะ', '4) กลุ่มวิชาเลือก - หลักสูตรสหกิจศึกษา', '10', NULL, 6),
(91, 1, 'หมวดวิชาเลือกเสรี', 'หมวดวิชาเลือกเสรี', '6', NULL, 1),
(92, 2, 'หมวดวิชาศึกษาทั่วไป', 'สาระที่ 1 ศาสตร์พระราชาและประโยชน์เพื่อนมนุษย์', '4', NULL, 1),
(93, 2, 'หมวดวิชาศึกษาทั่วไป', 'สาระที่ 2 ความเป็นพลเมืองและชีวิตที่สันติ', '5', NULL, 2),
(94, 2, 'หมวดวิชาศึกษาทั่วไป', 'สาระที่ 3 การเป็นผู้ประกอบการ', '1', NULL, 3),
(95, 2, 'หมวดวิชาศึกษาทั่วไป', 'สาระที่ 4 การอยู่ร่วมกัน การรู้เท่าทัน และการรู้ดิจิทัล', '4', NULL, 4),
(96, 2, 'หมวดวิชาศึกษาทั่วไป', 'สาระที่ 5 การคิดเชิงระบบ การคิดเชิงตรรกะและตัวเลข', '4', NULL, 5),
(97, 2, 'หมวดวิชาศึกษาทั่วไป', 'สาระที่ 6 ภาษาและการสื่อสาร', '4', NULL, 6),
(98, 2, 'หมวดวิชาศึกษาทั่วไป', 'สาระที่ 7 สุนทรียศาสตร์และกีฬา', '2', NULL, 7),
(99, 2, 'หมวดวิชาศึกษาทั่วไป', 'วิชาเลือก', '6', NULL, 8),
(100, 2, 'หมวดวิชาเฉพาะ', '1) กลุ่มวิชาวิทยาศาสตร์พื้นฐาน', '24', NULL, 1),
(101, 2, 'หมวดวิชาเฉพาะ', '2) กลุ่มวิชาบังคับ - แผนปกติ', '57', NULL, 2),
(102, 2, 'หมวดวิชาเฉพาะ', '2) กลุ่มวิชาบังคับ - แผนสหกิจศึกษา', '61', NULL, 3),
(103, 2, 'หมวดวิชาเฉพาะ', '3) กลุ่มวิชาเลือก - แผนปกติ', '21', NULL, 4),
(104, 2, 'หมวดวิชาเฉพาะ', '3) กลุ่มวิชาเลือก - แผนสหกิจศึกษา', '17', NULL, 5),
(105, 2, 'หมวดวิชาเลือกเสรี', 'หมวดวิชาเลือกเสรี', '6', NULL, 1),
(106, 3, 'หมวดวิชาศึกษาทั่วไป', 'สาระที่ 1 ศาสตร์พระราชาและประโยชน์เพื่อนมนุษย์', '4', NULL, 1),
(107, 3, 'หมวดวิชาศึกษาทั่วไป', 'สาระที่ 2 ความเป็นพลเมืองและชีวิตที่สันติ', '5', NULL, 2),
(108, 3, 'หมวดวิชาศึกษาทั่วไป', 'สาระที่ 3 การเป็นผู้ประกอบการ', '1', NULL, 3),
(109, 3, 'หมวดวิชาศึกษาทั่วไป', 'สาระที่ 4 การอยู่ร่วมกัน การรู้เท่าทัน และการรู้ดิจิทัล', '4', NULL, 4),
(110, 3, 'หมวดวิชาศึกษาทั่วไป', 'สาระที่ 5 การคิดเชิงระบบ การคิดเชิงตรรกะและตัวเลข', '4', NULL, 5),
(111, 3, 'หมวดวิชาศึกษาทั่วไป', 'สาระที่ 6 ภาษาและการสื่อสาร', '4', NULL, 6),
(112, 3, 'หมวดวิชาศึกษาทั่วไป', 'สาระที่ 7 สุนทรียศาสตร์และกีฬา', '2', NULL, 7),
(113, 3, 'หมวดวิชาศึกษาทั่วไป', 'วิชาเลือก', '6', NULL, 8),
(114, 3, 'หมวดวิชาเฉพาะ', '1) กลุ่มวิชาวิทยาศาสตร์พื้นฐาน', '12', NULL, 1),
(115, 3, 'หมวดวิชาเฉพาะ', '2) กลุ่มวิชาบังคับ - แผนการศึกษาปกติ', '51', NULL, 2),
(116, 3, 'หมวดวิชาเฉพาะ', '2) กลุ่มวิชาบังคับ - แผนการศึกษาปกติ - วิชาแกน', '12', NULL, 3),
(117, 3, 'หมวดวิชาเฉพาะ', '2) กลุ่มวิชาบังคับ - แผนการศึกษาปกติ - วิชาเฉพาะด้าน', '39', NULL, 4),
(118, 3, 'หมวดวิชาเฉพาะ', '2) กลุ่มวิชาบังคับ - แผนสหกิจศึกษา', '54', NULL, 5),
(119, 3, 'หมวดวิชาเฉพาะ', '2) กลุ่มวิชาบังคับ - แผนสหกิจศึกษา - วิชาแกน', '12', NULL, 6),
(120, 3, 'หมวดวิชาเฉพาะ', '2) กลุ่มวิชาบังคับ - แผนสหกิจศึกษา - วิชาเฉพาะด้าน', '42', NULL, 7),
(121, 3, 'หมวดวิชาเฉพาะ', '3) กลุ่มวิชาเลือก - แผนการศึกษาปกติ', '33', NULL, 8),
(122, 3, 'หมวดวิชาเฉพาะ', '3) กลุ่มวิชาเลือก - แผนสหกิจศึกษา', '30', NULL, 9),
(123, 3, 'หมวดวิชาเลือกเสรี', 'หมวดวิชาเลือกเสรี', '6', NULL, 1),
(124, 4, 'หมวดวิชาศึกษาทั่วไป', 'สาระที่ 1 ศาสตร์พระราชาและประโยชน์เพื่อนมนุษย์', '4', NULL, 1),
(125, 4, 'หมวดวิชาศึกษาทั่วไป', 'สาระที่ 2 ความเป็นพลเมืองและชีวิตที่สันติ', '5', NULL, 2),
(126, 4, 'หมวดวิชาศึกษาทั่วไป', 'สาระที่ 3 การเป็นผู้ประกอบการ', '1', NULL, 3),
(127, 4, 'หมวดวิชาศึกษาทั่วไป', 'สาระที่ 4 การอยู่ร่วมกัน การรู้เท่าทัน และการรู้ดิจิทัล', '4', NULL, 4),
(128, 4, 'หมวดวิชาศึกษาทั่วไป', 'สาระที่ 5 การคิดเชิงระบบ การคิดเชิงตรรกะและตัวเลข', '4', NULL, 5),
(129, 4, 'หมวดวิชาศึกษาทั่วไป', 'สาระที่ 6 ภาษาและการสื่อสาร', '4', NULL, 6),
(130, 4, 'หมวดวิชาศึกษาทั่วไป', 'สาระที่ 7 สุนทรียศาสตร์และกีฬา', '2', NULL, 7),
(131, 4, 'หมวดวิชาศึกษาทั่วไป', 'วิชาเลือก', '6', NULL, 8),
(132, 4, 'หมวดวิชาเฉพาะ', '1) วิชาแกนและวิชาพื้นฐาน', '25', NULL, 1),
(133, 4, 'หมวดวิชาเฉพาะ', '2) วิชาเฉพาะด้าน', '48', NULL, 2),
(134, 4, 'หมวดวิชาเฉพาะ', '2) วิชาเฉพาะด้าน - กลุ่มประเด็นด้านองค์กรและระบบสารสนเทศ', '-', NULL, 3),
(135, 4, 'หมวดวิชาเฉพาะ', '2) วิชาเฉพาะด้าน - กลุ่มเทคโนโลยีเพื่องานประยุกต์', '-', NULL, 4),
(136, 4, 'หมวดวิชาเฉพาะ', '2) วิชาเฉพาะด้าน - กลุ่มเทคโนโลยีและวิธีการทางซอฟต์แวร์', '-', NULL, 5),
(137, 4, 'หมวดวิชาเฉพาะ', '2) วิชาเฉพาะด้าน - กลุ่มโครงสร้างพื้นฐานของระบบ', '-', NULL, 6),
(138, 4, 'หมวดวิชาเฉพาะ', '3) วิชาเลือก', '18', NULL, 7),
(139, 4, 'หมวดวิชาเลือกเสรี', 'หมวดวิชาเลือกเสรี', '6', NULL, 1);

-- --------------------------------------------------------

--
-- Table structure for table `course_credit_rules`
--

CREATE TABLE `course_credit_rules` (
  `id` int(11) NOT NULL,
  `program_id` int(11) NOT NULL,
  `rule_name` varchar(255) NOT NULL,
  `credits` int(11) NOT NULL,
  `sort_order` int(11) DEFAULT 1
) ENGINE=InnoDB DEFAULT CHARSET=utf8mb4 COLLATE=utf8mb4_general_ci;

--
-- Dumping data for table `course_credit_rules`
--

INSERT INTO `course_credit_rules` (`id`, `program_id`, `rule_name`, `credits`, `sort_order`) VALUES
(1, 1, 'หมวดวิชาศึกษาทั่วไป', 30, 1),
(2, 1, 'หมวดวิชาเฉพาะ', 94, 2),
(3, 1, 'วิชาเลือกเสรี', 6, 3),
(4, 2, 'หมวดวิชาศึกษาทั่วไป', 30, 1),
(5, 2, 'หมวดวิชาเฉพาะ', 102, 2),
(6, 2, 'วิชาเลือกเสรี', 6, 3),
(7, 3, 'หมวดวิชาศึกษาทั่วไป', 30, 1),
(8, 3, 'หมวดวิชาเฉพาะ', 96, 2),
(9, 3, 'วิชาเลือกเสรี', 6, 3),
(10, 4, 'หมวดวิชาศึกษาทั่วไป', 30, 1),
(11, 4, 'หมวดวิชาเฉพาะ', 91, 2),
(12, 4, 'วิชาเลือกเสรี', 6, 3),
(13, 5, 'หมวดวิชาศึกษาทั่วไป', 18, 1),
(14, 5, 'หมวดวิชาเฉพาะ', 51, 2),
(15, 5, 'หมวดวิชาเลือกเสรี', 6, 3),
(16, 6, 'หมวดวิชาศึกษาทั่วไป', 45, 1),
(17, 6, 'หมวดวิชาเฉพาะ', 20, 2),
(18, 6, 'วิชาเลือกเสรี', 20, 3),
(19, 7, 'หมวดวิชาศึกษาทั่วไป', 45, 1),
(20, 7, 'หมวดวิชาเฉพาะ', 45, 2),
(21, 7, 'วิชาเลือกเสรี', 45, 3),
(22, 8, 'หมวดวิชาศึกษาทั่วไป', 120, 1),
(23, 8, 'หมวดวิชาเฉพาะ', 60, 2),
(24, 8, 'วิชาเลือกเสรี', 20, 3),
(25, 9, 'หมวดวิชาศึกษาทั่วไป', 6, 1),
(26, 9, 'หมวดวิชาเฉพาะ', 1, 2),
(27, 9, 'วิชาเลือกเสรี', 2, 3),
(28, 10, 'หมวดวิชาศึกษาทั่วไป', 4, 1),
(29, 10, 'หมวดวิชาเฉพาะ', 58, 2),
(30, 10, 'วิชาเลือกเสรี', 1, 3);

-- --------------------------------------------------------

--
-- Table structure for table `course_programs`
--

CREATE TABLE `course_programs` (
  `id` int(11) NOT NULL,
  `faculty_group` varchar(255) NOT NULL,
  `degree_level` varchar(50) NOT NULL,
  `program_name_th` varchar(255) NOT NULL,
  `program_name_en` varchar(255) DEFAULT NULL,
  `degree_name_th` varchar(255) DEFAULT NULL,
  `degree_name_en` varchar(255) DEFAULT NULL,
  `degree_abbr_th` varchar(100) DEFAULT NULL,
  `degree_abbr_en` varchar(100) DEFAULT NULL,
  `curriculum_year` int(11) NOT NULL,
  `total_credits` int(11) NOT NULL,
  `general_education_credits` int(11) DEFAULT 0,
  `major_credits` int(11) DEFAULT 0,
  `free_elective_credits` int(11) DEFAULT 0,
  `description` text DEFAULT NULL,
  `is_active` tinyint(1) DEFAULT 1
) ENGINE=InnoDB DEFAULT CHARSET=utf8mb4 COLLATE=utf8mb4_general_ci;

--
-- Dumping data for table `course_programs`
--

INSERT INTO `course_programs` (`id`, `faculty_group`, `degree_level`, `program_name_th`, `program_name_en`, `degree_name_th`, `degree_name_en`, `degree_abbr_th`, `degree_abbr_en`, `curriculum_year`, `total_credits`, `general_education_credits`, `major_credits`, `free_elective_credits`, `description`, `is_active`) VALUES
(1, 'วิทยาศาสตร์การคำนวณ', 'ปริญญาตรี', 'คณิตศาสตร์', 'Mathematics', 'วิทยาศาสตรบัณฑิต (คณิตศาสตร์)', 'Bachelor of Science (Mathematics)', 'วท.บ. (คณิตศาสตร์)', 'B.Sc. (Mathematics)', 2564, 130, 30, 94, 6, 'หลักสูตรวิทยาศาสตร์การคำนวณ สาขาคณิตศาสตร์', 1),
(2, 'วิทยาศาสตร์การคำนวณ', 'ปริญญาตรี', 'สถิติ', 'Statistics', 'วิทยาศาสตรบัณฑิต (สถิติ)', 'Bachelor of Science (Statistics)', 'วท.บ. (สถิติ)', 'B.Sc. (Statistics)', 2564, 138, 30, 102, 6, 'หลักสูตรวิทยาศาสตร์การคำนวณ สาขาสถิติ', 1),
(3, 'วิทยาศาสตร์การคำนวณ', 'ปริญญาตรี', 'วิทยาการคอมพิวเตอร์', 'Computer Science', 'วิทยาศาสตรบัณฑิต (วิทยาการคอมพิวเตอร์)', 'Bachelor of Science (Computer Science)', 'วท.บ. (วิทยาการคอมพิวเตอร์)', 'B.Sc. (Computer Science)', 2564, 132, 30, 96, 6, 'หลักสูตรวิทยาศาสตร์การคำนวณ สาขาวิทยาการคอมพิวเตอร์', 1),
(4, 'วิทยาศาสตร์การคำนวณ', 'ปริญญาตรี', 'เทคโนโลยีสารสนเทศและการสื่อสาร', 'Information and Communication Technology', 'วิทยาศาสตรบัณฑิต (เทคโนโลยีสารสนเทศและการสื่อสาร)', 'Bachelor of Science (Information and Communication Technology)', 'วท.บ. (เทคโนโลยีสารสนเทศและการสื่อสาร)', 'B.Sc. (Information and Communication Technology)', 2564, 127, 30, 91, 6, 'หลักสูตรวิทยาศาสตร์การคำนวณ สาขาเทคโนโลยีสารสนเทศและการสื่อสาร', 1),
(5, 'วิทยาศาสตร์การคำนวณ', 'ปริญญาตรี', 'เทคโนโลยีสารสนเทศ (ต่อเนื่อง)', 'Information Technology (Continuing Program)', 'เทคโนโลยีบัณฑิต (เทคโนโลยีสารสนเทศ)', 'Bachelor of Technology (Information Technology)', 'ทล.บ. (เทคโนโลยีสารสนเทศ)', 'B.Tech. (Information Technology)', 2564, 75, 18, 51, 6, 'หลักสูตรเทคโนโลยีสารสนเทศ (ต่อเนื่อง)', 1),
(6, 'วิทยาศาสตร์การคำนวณ', 'ปริญญาตรี', 'math 2', 'ict', 'ตรี', 'math 2', 'ส', 'mt', 2564, 56, 45, 20, 20, 'tttt', 0),
(7, 'วิทยาศาสตร์การคำนวณ', 'ปริญญาตรี', 'math 2', 'ict', 'ตรี', 'math 2', 'ส', 'mt', 2564, 45, 45, 45, 45, '45', 0),
(8, 'วิทยาศาสตร์การคำนวณ', 'ปริญญาตรี', 'วิศวกรรมชีวการแพทย์', 'Biomedical engineering', 'วิศวกรรมชีวการแพทย์', 'Department of Electrical engineering ', 'วศ.บ', 'Bachelor of degree', 2564, 200, 120, 60, 20, '22', 0),
(9, 'วิทยาศาสตร์การคำนวณ', 'ปริญญาตรี', 'วิศวกรรมชีวการแพทย์', 'Biomedical engineering', 'ปริญญาตรี', 'Department of Electrical engineering ', 'วศ.บ', 'Bachelor of degree', 2564, 5, 6, 1, 2, '555555', 0),
(10, 'วิทยาศาสตร์การคำนวณ', 'ปริญญาตรี', 'dld', 'fdffds', 'fdff', 'fdffd', 'ffff', 'fff', 2564, 5, 4, 58, 1, 'รี้ัเุดพกถ', 0);

-- --------------------------------------------------------

--
-- Table structure for table `grades`
--

CREATE TABLE `grades` (
  `id` int(11) NOT NULL,
  `student_id` varchar(50) NOT NULL,
  `student_name` varchar(100) NOT NULL,
  `subject_code` varchar(20) NOT NULL,
  `subject_name` varchar(255) NOT NULL,
  `credit` varchar(20) NOT NULL,
  `credit_value` int(11) DEFAULT 0,
  `section` varchar(10) DEFAULT '01',
  `subject_type` varchar(5) DEFAULT 'C',
  `score` decimal(5,2) DEFAULT NULL,
  `grade_point` decimal(3,1) DEFAULT NULL,
  `grade` varchar(2) NOT NULL,
  `semester` int(11) DEFAULT NULL,
  `year` int(11) DEFAULT NULL,
  `program_id` int(11) DEFAULT 4,
  `created_at` timestamp NOT NULL DEFAULT current_timestamp()
) ENGINE=InnoDB DEFAULT CHARSET=utf8mb4 COLLATE=utf8mb4_general_ci;

--
-- Dumping data for table `grades`
--

INSERT INTO `grades` (`id`, `student_id`, `student_name`, `subject_code`, `subject_name`, `credit`, `credit_value`, `section`, `subject_type`, `score`, `grade_point`, `grade`, `semester`, `year`, `program_id`, `created_at`) VALUES
(3, '', '', '308-121', 'ทัศนศิลป์และการออกแบบ 1', '2', 2, '01', 'C', 85.00, 4.0, 'A', 2, 2567, 4, '2026-03-28 18:24:23'),
(5, '', '', '001-103', 'ไอเดียสู่ความเป็นผู้ประกอบการ', '1', 1, '01', 'S/U', NULL, NULL, 'B+', 1, 2567, 4, '2026-03-28 18:24:23'),
(6, '6400000000', 'Test User', '895-100', 'พลเมืองที่ดี', '2', 2, '01', 'C', 71.00, 4.0, 'B', 1, 2567, 4, '2026-03-28 18:24:23'),
(7, '67100002', 'Suda Rakdee', '308-101', 'พื้นฐานเทคโนโลยีสารสนเทศฯ', '2(1-2-3)', 2, '01', 'C', 78.00, 3.5, 'B+', 1, 2567, 4, '2026-03-28 18:24:23'),
(8, '67100002', 'Suda Rakdee', '308-102', 'คณิตศาสตร์สำหรับ ICT', '3(2-2-5)', 3, '01', 'C', 85.00, 4.0, 'A', 1, 2567, 4, '2026-03-28 18:24:23'),
(9, '67100002', 'Suda Rakdee', '308-121', 'ทัศนศิลป์และการออกแบบ 1', '2(1-2-3)', 2, '01', 'C', 78.00, 3.5, 'B+', 1, 2567, 4, '2026-03-28 18:24:23'),
(10, '67100002', 'Suda Rakdee', '308-131', 'ขั้นตอนวิธีและพื้นฐานการเขียนโปรแกรม', '3(2-2-5)', 3, '01', 'C', 85.00, 4.0, 'A', 1, 2567, 4, '2026-03-28 18:24:23'),
(11, '67100002', 'Suda Rakdee', '001-103', 'ไอเดียสู่ความเป็นผู้ประกอบการ', '1(1-0-2)', 1, '01', 'S/U', NULL, NULL, 'S', 1, 2567, 4, '2026-03-28 18:24:23'),
(12, '6400000000', 'Test User', '895-100', 'พลเมืองที่ดี', '2', 2, '01', 'C', 72.00, 3.0, 'B', 2, 2567, 4, '2026-03-28 18:24:23'),
(13, '67100001', 'Anan Sukjai', '308-221', 'ทัศนศิลป์และการออกแบบ 2', '2(1-2-3)', 2, '01', 'C', 85.00, 4.0, 'A', 2, 2567, 4, '2026-03-28 18:24:23'),
(14, '67100001', 'Anan Sukjai', '308-231', 'การโปรแกรมเชิงการคำนวณฯ', '3(2-2-5)', 3, '01', 'C', 78.00, 3.5, 'B+', 2, 2567, 4, '2026-03-28 18:24:23'),
(15, '67100001', 'Anan Sukjai', '308-241', 'โครงสร้างระบบคอมพิวเตอร์', '3(2-2-5)', 3, '01', 'C', 85.00, 4.0, 'A', 2, 2567, 4, '2026-03-28 18:24:23'),
(16, '67100001', 'Anan Sukjai', '315-201', 'ชีวิตแห่งอนาคต', '2(2-0-4)', 2, '01', 'C', 78.00, 3.5, 'B+', 2, 2567, 4, '2026-03-28 18:24:23'),
(17, '67100001', 'Anan Sukjai', '315-202', 'การคิดกับการใช้เหตุผล', '2(2-0-4)', 2, '01', 'C', 85.00, 4.0, 'A', 2, 2567, 4, '2026-03-28 18:24:23'),
(18, '67100001', 'Anan Sukjai', '345-104', 'รู้ทันเทคโนโลยีดิจิทัล', '2(2-0-4)', 2, '01', 'C', 72.00, 3.0, 'B', 2, 2567, 4, '2026-03-28 18:24:23'),
(19, '67100001', 'Anan Sukjai', '315-100', 'คำนวณศิลป์', '2(2-0-4)', 2, '01', 'C', 85.00, 4.0, 'A', 2, 2567, 4, '2026-03-28 18:24:23'),
(20, '67100002', 'Suda Rakdee', '308-231', 'Data Structure', '3(2-2-5)', 3, '01', 'C', 85.00, 4.0, 'A', 2, 2567, 4, '2026-03-28 18:24:23'),
(22, '67100002', 'Suda Rakdee', '308-241', 'โครงสร้างระบบคอมพิวเตอร์', '3(2-2-5)', 3, '01', 'C', 85.00, 4.0, 'A', 2, 2567, 4, '2026-03-28 18:24:23'),
(23, '67100002', 'Suda Rakdee', '315-201', 'ชีวิตแห่งอนาคต', '2(2-0-4)', 2, '01', 'C', 85.00, 4.0, 'A', 2, 2567, 4, '2026-03-28 18:24:23'),
(24, '67100002', 'Suda Rakdee', '315-202', 'การคิดกับการใช้เหตุผล', '2(2-0-4)', 2, '01', 'C', 78.00, 3.5, 'B+', 2, 2567, 4, '2026-03-28 18:24:23'),
(25, '67100002', 'Suda Rakdee', '345-104', 'รู้ทันเทคโนโลยีดิจิทัล', '2(2-0-4)', 2, '01', 'C', 85.00, 4.0, 'A', 2, 2567, 4, '2026-03-28 18:24:23'),
(26, '67100002', 'Suda Rakdee', '315-100', 'คำนวณศิลป์', '2(2-0-4)', 2, '01', 'C', 72.00, 3.0, 'B', 2, 2567, 4, '2026-03-28 18:24:23'),
(27, '67100001', 'Anan Sukjai', '308-222', 'ปฏิบัติการรวม ICT', '1(0-2-1)', 1, '01', 'C', 85.00, 4.0, 'A', 2, 2568, 4, '2026-03-28 18:24:23'),
(29, '67100001', 'Anan Sukjai', '308-242', 'ระบบปฏิบัติการ', '3(2-2-5)', 3, '01', 'C', 85.00, 4.0, 'A', 2, 2568, 4, '2026-03-28 18:24:23'),
(30, '67100001', 'Anan Sukjai', '308-243', 'ระบบเครือข่ายคอมพิวเตอร์', '3(2-2-5)', 3, '01', 'C', 72.00, 3.0, 'B', 2, 2568, 4, '2026-03-28 18:24:23'),
(31, '67100001', 'Anan Sukjai', '347-201', 'สถิติพื้นฐาน', '3(2-2-5)', 3, '01', 'C', 78.00, 3.5, 'B+', 2, 2568, 4, '2026-03-28 18:24:23'),
(32, '67100001', 'Anan Sukjai', '001-102', 'ศาสตร์พระราชา', '2(2-0-4)', 2, '01', 'C', 85.00, 4.0, 'A', 2, 2568, 4, '2026-03-28 18:24:23'),
(33, '67100001', 'Anan Sukjai', '315-200', 'ประโยชน์เพื่อนมนุษย์', '1(1-0-2)', 1, '01', 'S/U', NULL, NULL, 'S', 2, 2568, 4, '2026-03-28 18:24:23'),
(34, '67100002', 'Suda Rakdee', '308-222', 'ปฏิบัติการรวม ICT', '1(0-2-1)', 1, '01', 'C', 85.00, 4.0, 'A', 2, 2568, 4, '2026-03-28 18:24:23'),
(35, '67100002', 'Suda Rakdee', '308-232', 'การพัฒนาฟรอนท์เอ็นแอป', '3(2-2-5)', 3, '01', 'C', 85.00, 4.0, 'A', 2, 2568, 4, '2026-03-28 18:24:23'),
(36, '67100002', 'Suda Rakdee', '308-242', 'ระบบปฏิบัติการ', '3(2-2-5)', 3, '01', 'C', 78.00, 3.5, 'B+', 2, 2568, 4, '2026-03-28 18:24:23'),
(37, '67100002', 'Suda Rakdee', '308-243', 'ระบบเครือข่ายคอมพิวเตอร์', '3(2-2-5)', 3, '01', 'C', 85.00, 4.0, 'A', 2, 2568, 4, '2026-03-28 18:24:23'),
(38, '67100002', 'Suda Rakdee', '347-201', 'สถิติพื้นฐาน', '3(2-2-5)', 3, '01', 'C', 72.00, 3.0, 'B', 2, 2568, 4, '2026-03-28 18:24:23'),
(39, '67100002', 'Suda Rakdee', '001-102', 'ศาสตร์พระราชา', '2(2-0-4)', 2, '01', 'C', 85.00, 4.0, 'A', 2, 2568, 4, '2026-03-28 18:24:23'),
(40, '67100002', 'Suda Rakdee', '315-200', 'ประโยชน์เพื่อนมนุษย์', '1(1-0-2)', 1, '01', 'S/U', NULL, NULL, 'S', 2, 2568, 4, '2026-03-28 18:24:23'),
(41, '67100003', 'Kanya Thongdee', '308-222', 'ปฏิบัติการรวม ICT', '1(0-2-1)', 1, '01', 'C', 78.00, 3.5, 'B+', 2, 2568, 4, '2026-03-28 18:24:23'),
(42, '67100003', 'Kanya Thongdee', '308-232', 'การพัฒนาฟรอนท์เอ็นแอป', '3(2-2-5)', 3, '01', 'C', 72.00, 3.0, 'B', 2, 2568, 4, '2026-03-28 18:24:23'),
(43, '67100003', 'Kanya Thongdee', '308-242', 'ระบบปฏิบัติการ', '3(2-2-5)', 3, '01', 'C', 67.00, 2.5, 'C+', 2, 2568, 4, '2026-03-28 18:24:23'),
(44, '67100003', 'Kanya Thongdee', '308-243', 'ระบบเครือข่ายคอมพิวเตอร์', '3(2-2-5)', 3, '01', 'C', 72.00, 3.0, 'B', 2, 2568, 4, '2026-03-28 18:24:23'),
(45, '67100003', 'Kanya Thongdee', '347-201', 'สถิติพื้นฐาน', '3(2-2-5)', 3, '01', 'C', 78.00, 3.5, 'B+', 2, 2568, 4, '2026-03-28 18:24:23'),
(46, '67100003', 'Kanya Thongdee', '001-102', 'ศาสตร์พระราชา', '2(2-0-4)', 2, '01', 'C', 85.00, 4.0, 'A', 2, 2568, 4, '2026-03-28 18:24:23'),
(47, '6400000000', 'Test User', '315-200', 'ประโยชน์เพื่อนมนุษย์', '1', 1, '01', 'S/U', 80.00, NULL, 'A', 2, 2568, 4, '2026-03-28 18:24:23'),
(51, '6400000000', 'Test User', '001-103', 'พลเมืองที่ดี', '1', 1, '01', 'C', 70.00, NULL, 'B', 2, 2568, 4, '2026-04-02 00:25:41');

-- --------------------------------------------------------

--
-- Table structure for table `students`
--

CREATE TABLE `students` (
  `id` int(11) NOT NULL,
  `name` varchar(100) DEFAULT NULL,
  `student_id` varchar(50) DEFAULT NULL,
  `image` varchar(255) DEFAULT NULL,
  `year` int(11) DEFAULT NULL,
  `gender` varchar(10) DEFAULT NULL,
  `age` int(11) DEFAULT NULL,
  `program_id` int(11) DEFAULT NULL
) ENGINE=InnoDB DEFAULT CHARSET=utf8mb4 COLLATE=utf8mb4_general_ci;

--
-- Dumping data for table `students`
--

INSERT INTO `students` (`id`, `name`, `student_id`, `image`, `year`, `gender`, `age`, `program_id`) VALUES
(94, 'Suda Rakdee', '67100002', '1775087901242.png', 2, 'หญิง', 19, 5),
(95, 'Kanya Thongdee', '67100003', '1775087909418.png', 3, 'หญิง', 20, 5),
(96, 'Prasit Boonmee', '67100004', '1775087917309.png', 4, 'ชาย', 22, 1),
(97, 'Nida Saelim', '67100005', '1775087945771.png', 1, 'หญิง', 18, 1),
(98, 'Chaiwat Phan', '67100006', '1775087952374.png', 2, 'ชาย', 19, 4),
(99, 'Supaporn Wong', '67100007', '1775087960343.png', 3, 'หญิง', 21, 3),
(100, 'Thanakorn Dee', '67100008', '1775087967273.png', 4, 'ชาย', 23, 4),
(101, 'Ratchanee Klang', '67100009', '1775087975640.png', 1, 'หญิง', 19, 4),
(102, 'Worawit Khum', '67100010', '1775087983293.png', 2, 'ชาย', 20, 2),
(103, 'Siriporn Chan', '67100011', '1775087991862.png', 3, 'หญิง', 22, 4),
(104, 'Kittipong Noy', '67100012', '1775087999905.png', 4, 'ชาย', 24, 5),
(105, 'Pimchanok Sri', '67100013', '1775088008641.png', 1, 'หญิง', 18, 4),
(106, 'Apichai Bun', '67100014', '1775088017320.png', 2, 'ชาย', 21, 2),
(107, 'Jirawan Nam', '67100015', '1775088026082.png', 3, 'หญิง', 20, 4),
(108, 'Nattapong Jai', '67100016', '1775088033878.png', 4, 'ชาย', 23, 1),
(109, 'Patchara Fon', '67100017', '1775088043917.png', 2, 'หญิง', 19, 4),
(110, 'Somchai Lek', '67100018', '1775088053886.png', 3, 'ชาย', 21, 3),
(111, 'Waranya Ploy', '67100019', '1775088062964.png', 4, 'หญิง', 22, 4),
(112, 'Kritsana Moon', '67100020', '1775088072483.png', 1, 'ชาย', 18, 4);

-- --------------------------------------------------------

--
-- Table structure for table `subjects`
--

CREATE TABLE `subjects` (
  `id` int(11) NOT NULL,
  `subject_code` varchar(20) NOT NULL,
  `subject_name_th` varchar(255) NOT NULL,
  `credits` varchar(20) NOT NULL,
  `category` varchar(100) DEFAULT NULL,
  `year` int(11) DEFAULT NULL,
  `semester` int(11) DEFAULT NULL,
  `program_id` int(11) DEFAULT 4
) ENGINE=InnoDB DEFAULT CHARSET=utf8mb4 COLLATE=utf8mb4_general_ci;

--
-- Dumping data for table `subjects`
--

INSERT INTO `subjects` (`id`, `subject_code`, `subject_name_th`, `credits`, `category`, `year`, `semester`, `program_id`) VALUES
(1, '322-101', 'แคลคูลัส 1', '3(3-0-6)', 'วิทยาศาสตร์พื้นฐาน', 1, 2, 4),
(2, '324-101', 'เคมีทั่วไป 1', '3(3-0-6)', 'วิทยาศาสตร์พื้นฐาน', 1, 1, 4),
(3, '325-101', 'ปฏิบัติการเคมีทั่วไป 1', '1(0-3-0)', 'ปฏิบัติการ', 1, 1, 4),
(4, '332-101', 'ฟิสิกส์พื้นฐาน', '3(3-0-6)', 'วิทยาศาสตร์พื้นฐาน', 1, 1, 4),
(5, '333-101', 'ปฏิบัติการฟิสิกส์พื้นฐาน', '1(0-3-0)', 'ปฏิบัติการ', 1, 1, 4),
(6, '330-101', 'หลักชีววิทยา 1', '3(3-0-6)', 'วิทยาศาสตร์พื้นฐาน', 1, 1, 4),
(7, '331-111', 'ปฏิบัติการหลักชีววิทยา 1', '1(0-3-0)', 'ปฏิบัติการ', 1, 1, 4),
(8, '950-102', 'ชีวิตที่ดี', '3(2-0-4)', 'ศึกษาทั่วไป', 1, 1, 4),
(9, '388-100', 'สุขภาวะเพื่อเพื่อนมนุษย์', '1(1-0-2)', 'ศึกษาทั่วไป', 1, 1, 4),
(10, '308-101', 'พื้นฐานเทคโนโลยีสารสนเทศและการสื่อสาร', '2(1-2-3)', 'ICT', 1, 2, 4),
(11, '308-102', 'คณิตศาสตร์สำหรับเทคโนโลยีสารสนเทศ', '3(2-2-5)', 'ICT', 1, 2, 4),
(12, '308-121', 'ทัศนศิลป์และการออกแบบ 1', '2(1-2-3)', 'ICT', 1, 2, 4),
(13, '308-131', 'ขั้นตอนวิธีและพื้นฐานการเขียนโปรแกรม', '3(2-2-5)', 'ICT', 1, 2, 4),
(14, '001-103', 'ไอเดียสู่ความเป็นผู้ประกอบการ', '1(1-0-2)', 'ศึกษาทั่วไป', 1, 2, 4),
(15, '895-100', 'พลเมืองที่ดี', '2(x-y-z)', 'ศึกษาทั่วไป', 1, 2, 4),
(16, '308-221', 'ทัศนศิลป์และการออกแบบ 2', '2(1-2-3)', 'ICT', 2, 1, 4),
(17, '308-231', 'การโปรแกรมเชิงการคำนวณและโครงสร้างข้อมูล', '3(2-2-5)', 'ICT', 2, 1, 4),
(18, '308-241', 'โครงสร้างระบบคอมพิวเตอร์', '3(2-2-5)', 'ICT', 2, 1, 4),
(19, '315-201', 'ชีวิตแห่งอนาคต', '2(2-0-4)', 'ศึกษาทั่วไป', 2, 1, 4),
(20, '315-202', 'การคิดกับการใช้เหตุผล', '2(2-0-4)', 'ศึกษาทั่วไป', 2, 1, 4),
(21, '345-104', 'รู้ทันเทคโนโลยีดิจิทัล', '2(2-0-4)', 'ศึกษาทั่วไป', 2, 1, 4),
(22, '315-100', 'คำนวณศิลป์', '2(2-0-4)', 'ศึกษาทั่วไป', 2, 1, 4),
(23, '308-222', 'ปฏิบัติการรวม ICT', '1(0-2-1)', 'ICT', 2, 2, 4),
(24, '308-232', 'การพัฒนาฟรอนท์เอ็นแอป', '3(2-2-5)', 'ICT', 2, 2, 4),
(25, '308-242', 'ระบบปฏิบัติการ', '3(2-2-5)', 'ICT', 2, 2, 4),
(26, '308-243', 'ระบบเครือข่ายคอมพิวเตอร์', '3(2-2-5)', 'ICT', 2, 2, 4),
(27, '347-201', 'สถิติพื้นฐาน', '3(2-2-5)', 'ICT', 2, 2, 4),
(28, '001-102', 'ศาสตร์พระราชา', '2(2-0-4)', 'ศึกษาทั่วไป', 2, 2, 4),
(29, '315-200', 'ประโยชน์เพื่อนมนุษย์', '1(1-0-2)', 'ศึกษาทั่วไป', 2, 2, 4),
(30, '308-301', 'ระเบียบวิธีวิจัย', '2(2-0-4)', 'ICT', 3, 1, 4),
(31, '308-311', 'วิเคราะห์และออกแบบระบบ', '3(2-2-5)', 'ICT', 3, 1, 4),
(32, '308-321', 'ฐานข้อมูล', '3(2-6-7)', 'ICT', 3, 1, 4),
(33, '308-322', 'โครงงาน ICT 1', '2(0-6-0)', 'ICT', 3, 1, 4),
(34, '308-323', 'สัมมนา ICT', '1(1-0-2)', 'ICT', 3, 1, 4),
(35, '308-324', 'ออกแบบซอฟต์แวร์', '3(2-2-5)', 'ICT', 3, 1, 4),
(36, '308-331', 'โปรแกรมเชิงวัตถุ', '3(2-2-5)', 'ICT', 3, 1, 4),
(37, '308-312', 'การจัดการ IT องค์กร', '3(3-0-6)', 'ICT', 3, 2, 4),
(38, '308-313', 'การจัดการนวัตกรรม', '3(2-2-5)', 'ICT', 3, 2, 4),
(39, '308-325', 'โครงงาน ICT 2', '3(0-9-0)', 'ICT', 3, 2, 4),
(40, '308-490', 'ทักษะ ICT เพื่ออาชีพ', '6(2-8-8)', 'ICT', 4, 1, 4),
(41, '308-421', 'ICT เพื่ออาชีพ', '1(0-2-1)', 'ICT', 4, 1, 4),
(42, '308-497', 'สหกิจศึกษา', '6(0-40-0)', 'ICT', 4, 2, 4);

-- --------------------------------------------------------

--
-- Table structure for table `users`
--

CREATE TABLE `users` (
  `id` int(11) NOT NULL,
  `username` varchar(50) DEFAULT NULL,
  `password` varchar(255) DEFAULT NULL
) ENGINE=InnoDB DEFAULT CHARSET=utf8mb4 COLLATE=utf8mb4_general_ci;

--
-- Dumping data for table `users`
--

INSERT INTO `users` (`id`, `username`, `password`) VALUES
(1, 'admin', '1234'),
(2, 'natree', '1234'),
(3, 'mink', '1234'),
(4, 'team', '1234'),
(5, 'aum', '1234');

--
-- Indexes for dumped tables
--

--
-- Indexes for table `course_credit_details`
--
ALTER TABLE `course_credit_details`
  ADD PRIMARY KEY (`id`),
  ADD KEY `program_id` (`program_id`);

--
-- Indexes for table `course_credit_rules`
--
ALTER TABLE `course_credit_rules`
  ADD PRIMARY KEY (`id`),
  ADD KEY `program_id` (`program_id`);

--
-- Indexes for table `course_programs`
--
ALTER TABLE `course_programs`
  ADD PRIMARY KEY (`id`);

--
-- Indexes for table `grades`
--
ALTER TABLE `grades`
  ADD PRIMARY KEY (`id`),
  ADD KEY `idx_student_sem_year` (`student_id`,`semester`,`year`);

--
-- Indexes for table `students`
--
ALTER TABLE `students`
  ADD PRIMARY KEY (`id`),
  ADD KEY `fk_student_program` (`program_id`);

--
-- Indexes for table `subjects`
--
ALTER TABLE `subjects`
  ADD PRIMARY KEY (`id`),
  ADD KEY `program_id` (`program_id`);

--
-- Indexes for table `users`
--
ALTER TABLE `users`
  ADD PRIMARY KEY (`id`);

--
-- AUTO_INCREMENT for dumped tables
--

--
-- AUTO_INCREMENT for table `course_credit_details`
--
ALTER TABLE `course_credit_details`
  MODIFY `id` int(11) NOT NULL AUTO_INCREMENT, AUTO_INCREMENT=140;

--
-- AUTO_INCREMENT for table `course_credit_rules`
--
ALTER TABLE `course_credit_rules`
  MODIFY `id` int(11) NOT NULL AUTO_INCREMENT, AUTO_INCREMENT=31;

--
-- AUTO_INCREMENT for table `course_programs`
--
ALTER TABLE `course_programs`
  MODIFY `id` int(11) NOT NULL AUTO_INCREMENT, AUTO_INCREMENT=11;

--
-- AUTO_INCREMENT for table `grades`
--
ALTER TABLE `grades`
  MODIFY `id` int(11) NOT NULL AUTO_INCREMENT, AUTO_INCREMENT=52;

--
-- AUTO_INCREMENT for table `students`
--
ALTER TABLE `students`
  MODIFY `id` int(11) NOT NULL AUTO_INCREMENT, AUTO_INCREMENT=113;

--
-- AUTO_INCREMENT for table `subjects`
--
ALTER TABLE `subjects`
  MODIFY `id` int(11) NOT NULL AUTO_INCREMENT, AUTO_INCREMENT=44;

--
-- AUTO_INCREMENT for table `users`
--
ALTER TABLE `users`
  MODIFY `id` int(11) NOT NULL AUTO_INCREMENT, AUTO_INCREMENT=6;

--
-- Constraints for dumped tables
--

--
-- Constraints for table `course_credit_details`
--
ALTER TABLE `course_credit_details`
  ADD CONSTRAINT `course_credit_details_ibfk_1` FOREIGN KEY (`program_id`) REFERENCES `course_programs` (`id`);

--
-- Constraints for table `course_credit_rules`
--
ALTER TABLE `course_credit_rules`
  ADD CONSTRAINT `course_credit_rules_ibfk_1` FOREIGN KEY (`program_id`) REFERENCES `course_programs` (`id`);

--
-- Constraints for table `students`
--
ALTER TABLE `students`
  ADD CONSTRAINT `fk_student_program` FOREIGN KEY (`program_id`) REFERENCES `course_programs` (`id`);

--
-- Constraints for table `subjects`
--
ALTER TABLE `subjects`
  ADD CONSTRAINT `subjects_ibfk_1` FOREIGN KEY (`program_id`) REFERENCES `course_programs` (`id`);
COMMIT;

/*!40101 SET CHARACTER_SET_CLIENT=@OLD_CHARACTER_SET_CLIENT */;
/*!40101 SET CHARACTER_SET_RESULTS=@OLD_CHARACTER_SET_RESULTS */;
/*!40101 SET COLLATION_CONNECTION=@OLD_COLLATION_CONNECTION */;
